{
    "last_processed_exec_id": "1cef56d4-a891-5a98-8136-e302d7f113a9",
    "position_map": {
        "SHIB1000USDT-Sell": true,
        "CFXUSDT-Sell": true,
        "APEUSDT-Sell": true,
        "SANDUSDT-Sell": true,
        "ARBUSDT-Sell": true,
        "NEARUSDT-Sell": true,
        "FILUSDT-Sell": true,
        "SNXUSDT-Sell": true,
        "NOTUSDT-Sell": true,
        "1000PEPEUSDT-Sell": true,
        "ARBUSDT-Buy": true,
        "CFXUSDT-Buy": true,
        "FILUSDT-Buy": true,
        "SHIB1000USDT-Buy": true,
        "NEARUSDT-Buy": true,
        "1000PEPEUSDT-Buy": true,
        "SNXUSDT-Buy": true,
        "APEUSDT-Buy": true,
        "SANDUSDT-Buy": true,
        "NOTUSDT-Buy": true
    }
}